{"cameraMode":{"drawMode":0,"name":"Shaded","section":"Shading Mode"},"sceneLighting":true,"audioPlay":false,"sceneViewState":{"m_AlwaysRefresh":false,"showFog":true,"showSkybox":true,"showFlares":true,"showImageEffects":true,"showParticleSystems":true,"showVisualEffectGraphs":true,"m_FxEnabled":true},"in2DMode":false,"pivot":{"x":-0.09211111068725586,"y":5.502374649047852,"z":-49.16429901123047},"rotation":{"x":0.35459962487220766,"y":-0.07794959843158722,"z":0.029679782688617708,"w":0.9312973022460938},"size":44.44927978515625,"orthographic":false}