{"cameraMode":{"drawMode":0,"name":"Shaded","section":"Shading Mode"},"sceneLighting":true,"audioPlay":false,"sceneViewState":{"m_AlwaysRefresh":false,"showFog":true,"showSkybox":true,"showFlares":true,"showImageEffects":true,"showParticleSystems":true,"showVisualEffectGraphs":true,"m_FxEnabled":true},"in2DMode":false,"pivot":{"x":-1.676619291305542,"y":26.05941390991211,"z":18.926864624023439},"rotation":{"x":-0.001829683082178235,"y":-0.9192612171173096,"z":0.39387911558151247,"w":-0.004548301920294762},"size":36.1302375793457,"orthographic":false}